"Symbol","Name","Trade Volume","Trade Value","UIN Settlement Volume ","UIN Settlement Value ","UIN Percentage Volume","UIN Percentage Value "
"SFL","SAPPHIRE FIBRES LIMITED","3,289.00"," 3,828,434.23 ","2,000.00"," 2,337,500.82 ","60.81 ","61.06 "
"SGF","SERVICE GLOBAL FOOTWEAR LIMITED","26,013.00"," 2,044,616.96 ","14,788.00"," 1,158,719.23 ","56.85 ","56.67 "
"SGPL","S.G. POWER LIMITED","105,906.00"," 837,441.33 ","88,848.00"," 705,079.33 ","83.89 ","84.19 "
"SHCM","SHADMAN COTTON MILLS LIMITED","16,952.00"," 954,375.32 ","14,749.00"," 832,381.28 ","87.00 ","87.22 "
"SHDT","SHADAB TEXTILE MILLS LIMITED","286,657.00"," 20,557,012.00 ","257,073.00"," 18,435,963.91 ","89.68 ","89.68 "
"SHEZ","SHEZAN INTERNATIONAL LIMITED","20,579.00"," 4,323,708.56 ","13,816.00"," 2,903,483.56 ","67.14 ","67.15 "
"SHFA","SHIFA INTERNATIONAL HOSPITALS LTD.","34,033.00"," 19,530,457.23 ","20,126.00"," 11,545,995.50 ","59.14 ","59.12 "
"SHJS","SHAHTAJ SUGAR MILLS LIMITED","1,001.00"," 141,485.97 ","1,001.00"," 141,485.97 ","100.00 ","100.00 "
"SHNI","SHAHEEN INSURANCE COMPANY LIMITED","870,475.00"," 9,194,221.56 ","537,462.00"," 5,690,993.76 ","61.74 ","61.90 "
"SHSML","SHAHMURAD SUGAR MILLS LIMITED","5,813.00"," 2,206,928.71 ","3,376.00"," 1,302,907.70 ","58.08 ","59.04 "
"SIBL","SECURITY INVESTMENT BANK LIMITED","185,501.00"," 2,221,499.32 ","185,348.00"," 2,219,689.52 ","99.92 ","99.92 "
"SINDM","SINDH MODARABA","10,699.00"," 138,938.86 ","10,683.00"," 138,732.60 ","99.85 ","99.85 "
"SITC","SITARA CHEMICAL INDUSTRIES LIMITED","4,939.00"," 2,393,687.63 ","4,932.00"," 2,390,257.77 ","99.86 ","99.86 "
"SKRS","SAKRAND SUGAR MILLS LIMITED","258,684.00"," 2,870,107.95 ","231,070.00"," 2,560,167.15 ","89.33 ","89.20 "
"SLGL","SECURE LOGISTICS GROUP LIMITED","16,425,892.00"," 294,255,598.72 ","8,700,881.00"," 156,533,793.16 ","52.97 ","53.20 "
"SLYT","SALLY TEXTILE MILLS LIMITED","44,044.00"," 511,111.65 ","20,938.00"," 249,521.15 ","47.54 ","48.82 "
"SMCPL","SAFE MIX CONCRETE LIMITED","48,388.00"," 1,065,598.04 ","44,370.00"," 976,498.44 ","91.70 ","91.64 "
"SML","SHAKARGANJ LIMITED","602.00"," 40,619.60 ","602.00"," 40,619.60 ","100.00 ","100.00 "
"SNAI","SANA INDUSTRIES LIMITED","202,247.00"," 5,666,212.78 ","172,317.00"," 4,836,146.57 ","85.20 ","85.35 "
"SNBL","SONERI BANK LIMITED","2,376,162.00"," 52,955,478.42 ","1,506,596.00"," 33,611,805.91 ","63.40 ","63.47 "
"SNGP","SUI NORTHERN GAS PIPELINES LIMITED","928,220.00"," 109,800,180.07 ","746,443.00"," 89,138,720.64 ","80.42 ","81.18 "
"SPEL","SPEL LIMITED","5,001,130.00"," 247,129,652.76 ","3,259,905.00"," 161,905,554.40 ","65.18 ","65.51 "
"SPL","SITARA PEROXIDE LIMITED","8,002.00"," 121,535.00 ","7,061.00"," 107,311.21 ","88.24 ","88.30 "
"SPWL","SAIF POWER LIMITED","970,739.00"," 12,026,836.35 ","766,852.00"," 9,523,922.06 ","79.00 ","79.19 "
"SRVI","SERVICE INDUSTRIES LIMITED","18,541.00"," 24,328,188.22 ","17,811.00"," 23,378,478.69 ","96.06 ","96.10 "
"SSGC","SUI SOUTHERN GAS COMPANY LIMITED","8,368,789.00"," 379,717,736.52 ","5,056,270.00"," 229,562,444.37 ","60.42 ","60.46 "
"SSML","SARITOW SPINNING MILLS LIMITED","45,335.00"," 739,719.26 ","29,729.00"," 489,738.02 ","65.58 ","66.21 "
"SSOM","S. S. OIL MILLS LIMITED","6,437.00"," 5,361,704.61 ","3,920.00"," 3,275,763.14 ","60.90 ","61.10 "
"STCL","SHABBIR TILES AND CERAMICS LIMITED","182,475.00"," 2,840,272.79 ","144,713.00"," 2,245,869.03 ","79.31 ","79.07 "
"STJT","SHAHTAJ TEXTILE LIMITED","48.00"," 4,227.52 ","48.00"," 4,227.52 ","100.00 ","100.00 "
"STL","SUPERNET TECHNOLOGIES LIMITED","882.00"," 751,766.83 ","847.00"," 722,326.99 ","96.03 ","96.08 "
"STML","SHAMS TEXTILE MILLS LIMITED","14,677.00"," 572,701.74 ","13,376.00"," 521,688.24 ","91.14 ","91.09 "
"STPL","SIDDIQSONS TIN PLATE LIMITED","2,804,326.00"," 19,493,562.90 ","2,088,335.00"," 14,520,898.39 ","74.47 ","74.49 "
"STYLERS","STYLERS INTERNATIONAL LIMITED","14,971.00"," 625,552.94 ","10,874.00"," 455,431.99 ","72.63 ","72.80 "
"SUHJ","SUHAIL JUTE MILLS LIMITED","1,472.00"," 160,942.78 ","1,470.00"," 160,752.78 ","99.86 ","99.88 "
"SURC","SURAJ COTTON MILLS LIMITED","159,212.00"," 23,346,847.68 ","154,212.00"," 22,613,647.68 ","96.86 ","96.86 "
"SUTM","SUNRAYS TEXTILE MILLS LIMITED","89,219.00"," 18,886,146.58 ","74,794.00"," 15,877,822.10 ","83.83 ","84.07 "
"SYM","SYMMETRY GROUP LIMITED","1,881,541.00"," 28,205,725.06 ","1,640,294.00"," 24,618,436.72 ","87.18 ","87.28 "
"SYS","SYSTEMS LIMITED","845,376.00"," 99,916,835.46 ","763,323.00"," 90,236,811.82 ","90.29 ","90.31 "
"SZTM","SHAHZAD TEXTILE MILLS LIMITED","33,668.00"," 2,570,794.41 ","24,920.00"," 1,926,462.65 ","74.02 ","74.94 "
"TATM","TATA TEXTILE MILLS LIMITED","1,017,147.00"," 222,574,117.44 ","451,219.00"," 99,426,877.21 ","44.36 ","44.67 "
"TBL","TREET BATTERY LIMITED","6,451,639.00"," 86,465,429.21 ","4,337,212.00"," 58,211,758.01 ","67.23 ","67.32 "
"TCORP","TARIQ CORPORATION LIMITED","266,640.00"," 4,508,667.94 ","171,275.00"," 2,910,125.80 ","64.23 ","64.55 "
"TELE","TELECARD LIMITED","4,056,044.00"," 32,827,307.59 ","2,754,983.00"," 22,650,103.97 ","67.92 ","69.00 "
"TGL","TARIQ GLASS INDUSTRIES LTD.","46,595.00"," 10,913,572.79 ","44,755.00"," 10,482,949.62 ","96.05 ","96.05 "
"THALL","THAL LIMITED","16,723.00"," 6,819,000.21 ","16,457.00"," 6,710,912.63 ","98.41 ","98.41 "
"THCCL","THATTA CEMENT COMPANY LIMITED","459,858.00"," 88,881,345.36 ","380,790.00"," 73,571,767.81 ","82.81 ","82.78 "
"TICL","THE THAL INDUSTRIES CORPORATION LIMITED","857.00"," 337,713.68 ","654.00"," 259,369.67 ","76.31 ","76.80 "
"TOMCL","THE ORGANIC MEAT COMPANY LIMITED","4,080,600.00"," 142,911,249.99 ","2,257,747.00"," 79,258,519.10 ","55.33 ","55.46 "
"TOWL","TOWELLERS LIMITED","356,522.00"," 65,020,687.96 ","211,410.00"," 38,742,189.55 ","59.30 ","59.58 "
"TPL","TPL CORP LIMITED","17,823,778.00"," 101,368,097.09 ","17,225,248.00"," 97,953,241.08 ","96.64 ","96.63 "
"TPLI","TPL INSURANCE LIMITED","1,336,181.00"," 11,189,172.62 ","884,958.00"," 7,454,558.45 ","66.23 ","66.62 "
"TPLP","TPL PROPERTIES LIMITED","22,000,225.00"," 226,903,173.44 ","14,653,122.00"," 154,740,356.20 ","66.60 ","68.20 "
"TPLRF1","TPL REIT FUND I","2,322.00"," 31,485.60 ","2,322.00"," 31,485.60 ","100.00 ","100.00 "
"TPLT","TPL TRAKKER LIMITED","12,219,868.00"," 100,579,238.48 ","6,920,504.00"," 57,030,622.62 ","56.63 ","56.70 "
"TREET","TREET CORPORATION LIMITED","9,036,972.00"," 210,464,231.38 ","4,417,195.00"," 107,339,776.88 ","48.88 ","51.00 "
"TRG","TRG PAKISTAN LIMITED  -  CLASS - (A)","13,925,148.00"," 827,086,286.84 ","5,445,414.00"," 323,641,470.67 ","39.10 ","39.13 "
"TRIPF","TRI-PACK FILMS LIMITED","119,685.00"," 19,741,134.10 ","90,136.00"," 14,884,919.39 ","75.31 ","75.40 "
"TRSM","TRUST MODARABA","1,475,522.00"," 13,707,978.10 ","1,307,717.00"," 12,201,462.46 ","88.63 ","89.01 "
"TSMF","TRI-STAR MUTUAL FUND LIMITED","4,524.00"," 45,356.75 ","4,524.00"," 45,356.75 ","100.00 ","100.00 "
"TSML","TANDLIANWALA SUGAR MILLS LIMITED","1,789.00"," 517,384.53 ","1,059.00"," 324,140.60 ","59.20 ","62.65 "
"TSPL","TRI - STAR POWER LIMITED","521.00"," 4,008.89 ","521.00"," 4,008.89 ","100.00 ","100.00 "
"UBDL","UNITED BRANDS LIMITED","14,681.00"," 407,556.76 ","11,532.00"," 323,382.76 ","78.55 ","79.35 "
"UBL","UNITED BANK LIMITED","1,734,645.00"," 570,737,458.81 ","1,173,515.00"," 390,370,354.26 ","67.65 ","68.40 "
"UBLPETF","UBL PAK. ENTERPRISE EXCHANGE TRADED FUND","10,000.00"," 293,915.00 ","9,500.00"," 279,275.00 ","95.00 ","95.02 "
"UCAPM","UNICAP MODARABA","105,178.00"," 395,602.51 ","104,079.00"," 391,536.21 ","98.96 ","98.97 "
"UDLI","UDL INTERNATIONAL LIMITED","12,512.00"," 128,891.71 ","12,511.00"," 128,881.43 ","99.99 ","99.99 "
"UDPL","UNITED DISTRIBUTERS PAKISTAN LIMITED","1,021.00"," 70,953.06 ","1,021.00"," 70,953.06 ","100.00 ","100.00 "
"UNIC","THE UNITED INSURANCE CO. OF PAKISTAN LTD","313,449.00"," 5,174,623.30 ","312,449.00"," 5,158,113.30 ","99.68 ","99.68 "
"UNITY","UNITY FOODS LIMITED","9,731,230.00"," 252,617,487.86 ","6,135,106.00"," 164,547,578.77 ","63.05 ","65.14 "
"UPFL","UNILEVER PAKISTAN FOODS LIMITED","87.00"," 2,034,847.87 ","74.00"," 1,730,693.82 ","85.06 ","85.05 "
"UVIC","THE UNIVERSAL INSURANCE COMPANY LIMITED","5,067.00"," 54,174.73 ","4,406.00"," 47,131.92 ","86.95 ","87.00 "
"WAFI","WAFI ENERGY PAKISTAN LIMITED","42,784.00"," 8,137,242.10 ","37,126.00"," 7,060,217.06 ","86.78 ","86.76 "
"WAHN","WAH NOBLE CHEMICALS LIMITED","9,143.00"," 2,794,102.82 ","9,051.00"," 2,766,380.93 ","98.99 ","99.01 "
"WAVES","WAVES CORPORATION LIMITED","2,424,697.00"," 20,917,084.41 ","1,878,477.00"," 16,195,982.62 ","77.47 ","77.43 "
"WAVESAPP","WAVES HOME APPLIANCE LIMITED","2,957,320.00"," 29,608,082.48 ","2,196,687.00"," 21,993,024.76 ","74.28 ","74.28 "
"WTL","WORLDCALL TELECOM LIMITED","22,770,600.00"," 35,499,298.14 ","16,023,027.00"," 24,972,847.26 ","70.37 ","70.35 "
"YOUW","YOUSAF WEAVING MILLS LIMITED","7,310,858.00"," 41,099,233.14 ","4,079,345.00"," 22,968,227.77 ","55.80 ","55.88 "
"ZAHID","ZAHIDJEE TEXTILE MILLS LIMITED","79,498.00"," 6,671,850.89 ","76,269.00"," 6,419,865.66 ","95.94 ","96.22 "
"DWSM","DEWAN SUGAR MILLS LIMITED","1,202,971.00"," 8,251,288.40 ","822,193.00"," 5,684,751.55 ","68.35 ","68.90 "
"DWTM","DEWAN TEXTILE MILLS LIMITED","39,000.00"," 275,423.13 ","30,079.00"," 212,386.45 ","77.13 ","77.11 "
"DYNO","DYNEA PAKISTAN LIMITED","12,750.00"," 3,549,418.65 ","11,257.00"," 3,130,811.19 ","88.29 ","88.21 "
"ECOP","ECOPACK LIMITED","1,380,821.00"," 80,372,281.45 ","941,671.00"," 54,610,963.01 ","68.20 ","67.95 "
"EFERT","ENGRO FERTILIZERS LIMITED","305,870.00"," 58,804,588.01 ","274,290.00"," 52,811,957.30 ","89.68 ","89.81 "
"EFUG","EFU GENERAL INSURANCE LIMITED","35,314.00"," 4,336,069.95 ","34,795.00"," 4,273,406.67 ","98.53 ","98.55 "
"EFUL","EFU LIFE ASSURANCE LIMITED","17,505.00"," 2,699,330.66 ","16,925.00"," 2,610,426.06 ","96.69 ","96.71 "
"ELCM","ELAHI COTTON MILLS LIMITED","191.00"," 26,747.13 ","179.00"," 25,055.25 ","93.72 ","93.67 "
"ELSM","ELLCOT SPINNING MILLS LIMITED","656.00"," 76,224.11 ","571.00"," 66,279.96 ","87.04 ","86.95 "
"EMCO","EMCO INDUSTRIES LIMITED","41.00"," 1,906.91 ","31.00"," 1,456.91 ","75.61 ","76.40 "
"ENGROH","ENGRO HOLDINGS LIMITED","2,178,338.00"," 402,943,847.74 ","1,862,090.00"," 344,598,449.11 ","85.48 ","85.52 "
"EPCL","ENGRO POLYMER & CHEMICALS LIMITED","623,441.00"," 20,545,198.37 ","529,475.00"," 17,461,088.51 ","84.93 ","84.99 "
"EPCLPS","ENGRO POLYMER & CHEMICALS LTD - PREF.SH.","1,000.00"," 13,000.00 ","1,000.00"," 13,000.00 ","100.00 ","100.00 "
"EPQL","ENGRO POWERGEN QADIRPUR LIMITED","428,382.00"," 12,858,520.75 ","415,696.00"," 12,478,707.46 ","97.04 ","97.05 "
"ESBL","ESCORTS INVESTMENT BANK LIMITED","55,855.00"," 422,148.66 ","50,381.00"," 381,609.23 ","90.20 ","90.40 "
"EXIDE","EXIDE PAKISTAN LIMITED","146,477.00"," 133,528,723.08 ","89,471.00"," 81,737,772.54 ","61.08 ","61.21 "
"FABL","FAYSAL BANK LIMITED","3,610,904.00"," 285,091,866.16 ","1,808,638.00"," 145,238,325.08 ","50.09 ","50.94 "
"FANM","FIRST AL-NOOR MODARABA","72,142.00"," 333,927.81 ","50,142.00"," 232,467.81 ","69.50 ","69.62 "
"FASM","FAISAL SPINNING MILLS LIMITED","41,268.00"," 16,617,510.64 ","34,781.00"," 14,014,548.87 ","84.28 ","84.34 "
"FATIMA","FATIMA FERTILIZER COMPANY LIMITED","552,845.00"," 55,443,601.18 ","531,476.00"," 53,312,410.37 ","96.13 ","96.16 "
"FCCL","FAUJI CEMENT COMPANY LIMITED","4,683,219.00"," 209,116,445.90 ","2,796,262.00"," 129,368,570.12 ","59.71 ","61.86 "
"FCEL","FIRST CAPITAL EQUITIES LIMITED","311,350.00"," 1,104,843.95 ","301,296.00"," 1,065,684.25 ","96.77 ","96.46 "
"FCEPL","FRIESLANDCAMPINA ENGRO PAKISTAN LIMITED","442,596.00"," 38,785,451.75 ","314,508.00"," 27,552,577.45 ","71.06 ","71.04 "
"FCIBL","FIRST CREDIT AND INVESTMENT BANK LIMITED","120,712.00"," 1,959,502.55 ","93,495.00"," 1,517,053.69 ","77.45 ","77.42 "
"FCL","FAST CABLES LIMITED","32,823,552.00"," 870,305,232.31 ","10,976,123.00"," 292,124,364.94 ","33.44 ","33.57 "
"FCSC","FIRST CAPITAL SECURITIES CORPORATION LTD","4,430,629.00"," 11,814,433.82 ","3,018,585.00"," 8,035,889.15 ","68.13 ","68.02 "
"FDPL","FIRST DAWOOD PROPERTIES LIMITED","832,802.00"," 4,259,909.73 ","740,447.00"," 3,796,769.88 ","88.91 ","89.13 "
"FECM","FIRST ELITE CAPITAL MODARABA","17,905.00"," 682,080.02 ","8,149.00"," 314,996.32 ","45.51 ","46.18 "
"FECTC","FECTO CEMENT LIMITED","64,399.00"," 5,704,098.01 ","45,609.00"," 4,048,493.84 ","70.82 ","70.98 "
"FEM","FIRST EQUITY MODARABA","5,846.00"," 26,292.15 ","5,846.00"," 26,292.15 ","100.00 ","100.00 "
"FEROZ","FEROZSONS LABORATORIES LIMITED","13,793.00"," 5,289,861.36 ","12,776.00"," 4,900,159.61 ","92.63 ","92.63 "
"FFC","FAUJI FERTILIZER COMPANY LIMITED","759,482.00"," 304,447,029.54 ","650,082.00"," 262,679,372.24 ","85.60 ","86.28 "
"FFL","FAUJI FOODS LIMITED","3,922,332.00"," 62,677,732.80 ","3,196,140.00"," 51,077,789.67 ","81.49 ","81.49 "
"FFLM","FIRST FIDELITY LEASING MODARABA","383,483.00"," 1,545,141.62 ","332,972.00"," 1,344,271.45 ","86.83 ","87.00 "
"FHAM","FIRST HABIB MODARABA","23,943.00"," 569,537.09 ","23,943.00"," 569,537.09 ","100.00 ","100.00 "
"FIBLM","FIRST IBL MODARABA","300,411.00"," 1,589,378.20 ","217,709.00"," 1,154,694.72 ","72.47 ","72.65 "
"FIL","FATEH INDUSTRIES LIMITED","78.00"," 10,589.30 ","75.00"," 10,188.20 ","96.15 ","96.21 "
"FLYNG","FLYING CEMENT COMPANY LIMITED","198,861.00"," 10,871,111.92 ","155,938.00"," 8,526,121.39 ","78.42 ","78.43 "
"FML","FEROZE1888 MILLS LIMITED","762,581.00"," 67,792,348.03 ","428,694.00"," 38,205,534.94 ","56.22 ","56.36 "
"FNEL","FIRST NATIONAL EQUITIES LIMITED","1,819,951.00"," 7,512,568.75 ","1,486,360.00"," 6,139,480.94 ","81.67 ","81.72 "
"FPJM","FIRST PUNJAB MODARABA","308,974.00"," 1,308,649.92 ","240,497.00"," 1,019,433.09 ","77.84 ","77.90 "
"FPRM","FIRST PARAMOUNT MODARABA","4,416.00"," 39,751.73 ","4,416.00"," 39,751.73 ","100.00 ","100.00 "
"FRCL","FRONTIER CERAMICS LIMITED","4,367.00"," 174,374.54 ","3,273.00"," 130,243.74 ","74.95 ","74.69 "
"FRSM","FARAN SUGAR MILLS LIMITED","4,871.00"," 201,026.15 ","4,270.00"," 176,037.22 ","87.66 ","87.57 "
"FTMM","FIRST TREET MANUFACTURING MODARABA","12,867.00"," 274,967.79 ","12,867.00"," 274,967.79 ","100.00 ","100.00 "
"FTSM","FIRST TRI-STAR MODARABA","2,630.00"," 36,602.23 ","2,401.00"," 33,644.34 ","91.29 ","91.92 "
"FZCM","FAZAL CLOTH MILLS LIMITED","63,984.00"," 22,085,128.34 ","36,296.00"," 12,735,816.64 ","56.73 ","57.67 "
"GADT","GADOON TEXTILE MILLS LIMITED","884,644.00"," 485,417,674.67 ","464,323.00"," 256,009,146.66 ","52.49 ","52.74 "
"GAL","GHANDHARA AUTOMOBILES LIMITED","4,216,073.00"," 1,968,033,574.73 ","1,776,853.00"," 846,775,896.12 ","42.14 ","43.03 "
"GAMON","GAMMON PAKISTAN LIMITED","38,011.00"," 956,707.25 ","33,293.00"," 838,574.87 ","87.59 ","87.65 "
"GATI","GATRON (INDUSTRIES) LIMITED","1,978,868.00"," 364,868,229.68 ","974,151.00"," 180,336,684.29 ","49.23 ","49.43 "
"GATM","GUL AHMED TEXTILE MILLS LIMITED","7,826,877.00"," 281,678,050.58 ","4,168,717.00"," 150,607,574.35 ","53.26 ","53.47 "
"GCIL","GHANI CHEMICAL INDUSTRIES LIMITED","3,979,988.00"," 107,820,786.04 ","2,303,906.00"," 62,399,537.13 ","57.89 ","57.87 "
"GCWL","GHANI CHEMWORLD LIMITED","21,553,803.00"," 267,095,099.33 ","10,725,071.00"," 132,632,915.06 ","49.76 ","49.66 "
"GEMBCEM","BURJ CLEAN ENERGY MODARABA","500.00"," 5,750.00 ","500.00"," 5,750.00 ","100.00 ","100.00 "
"GEMMEL","MUGHAL ENERGY LIMITED","1,000.00"," 22,000.00 ","1,000.00"," 22,000.00 ","100.00 ","100.00 "
"GEMNETS","NETS INTERNATIONAL COMMUNICATION LIMITED","13,033.00"," 393,424.00 ","13,028.00"," 393,279.00 ","99.96 ","99.96 "
"GEMPACRA","THE PAKISTAN CREDIT RATING AGENCY LTD.","83,940.00"," 1,825,509.41 ","83,939.00"," 1,825,487.46 ","100.00 ","100.00 "
"GEMPAPL","PAK AGRO PACKAGING LIMITED","5,500.00"," 61,995.00 ","5,500.00"," 61,995.00 ","100.00 ","100.00 "
"GEMSPNL","SUPERNET LIMITED","19,500.00"," 777,140.00 ","15,078.00"," 600,141.66 ","77.32 ","77.22 "
"GFIL","GHAZI FABRICS INTERNATIONAL LIMITED","520,740.00"," 6,480,034.23 ","301,918.00"," 3,799,182.07 ","57.98 ","58.63 "
"GGGL","GHANI GLOBAL GLASS LIMITED","2,654,772.00"," 26,862,081.04 ","1,885,072.00"," 19,074,229.52 ","71.01 ","71.01 "
"GGL","GHANI GLOBAL HOLDINGS LIMITED","10,297,002.00"," 198,680,368.74 ","6,328,216.00"," 122,424,228.72 ","61.46 ","61.62 "
"GHGL","GHANI GLASS LIMITED","448,687.00"," 18,944,434.06 ","429,056.00"," 18,113,845.90 ","95.62 ","95.62 "
"GHNI","GHANDHARA INDUSTRIES LIMITED","2,483,650.00"," 1,923,096,103.59 ","854,967.00"," 662,533,959.68 ","34.42 ","34.45 "
"GLAXO","GLAXOSMITHKLINE PAKISTAN LIMITED","92,708.00"," 36,906,247.39 ","83,841.00"," 33,375,413.31 ","90.44 ","90.43 "
"GLPL","GILLETTE PAKISTAN LIMITED","2,271.00"," 504,474.14 ","1,877.00"," 417,660.91 ","82.65 ","82.79 "
"GOC","GOC (PAK) LIMITED","2,853.00"," 261,010.32 ","2,753.00"," 251,660.32 ","96.49 ","96.42 "
"GRR","GLOBE RESIDENCY REIT","13,034.00"," 243,040.45 ","12,774.00"," 238,230.95 ","98.01 ","98.02 "
"GRYL","GRAYS LEASING LIMITED","58,451.00"," 413,114.70 ","53,711.00"," 379,546.70 ","91.89 ","91.87 "
"GSPM","GULSHAN SPINNING MILLS LIMITED","11,374.00"," 48,058.59 ","11,374.00"," 48,058.59 ","100.00 ","100.00 "
"GTYR","GHANDHARA TYRE AND RUBBER COMPANY LTD.","876,361.00"," 41,537,412.94 ","519,525.00"," 24,623,655.88 ","59.28 ","59.28 "
"GUSM","GULISTAN SPINNING MILLS LIMITED","1,501.00"," 12,007.84 ","1,501.00"," 12,007.84 ","100.00 ","100.00 "
"GVGL","GHANI VALUE GLASS LIMITED","9,914.00"," 568,265.25 ","9,904.00"," 567,685.55 ","99.90 ","99.90 "
"GWLC","GHARIBWAL CEMENT LIMITED","277,422.00"," 13,572,440.35 ","212,301.00"," 10,391,822.22 ","76.53 ","76.57 "
"HABSM","HABIB SUGAR MILLS LIMITED","962.00"," 80,319.53 ","955.00"," 79,735.27 ","99.27 ","99.27 "
"HAEL","HALA ENTERPRISES LIMITED","84,645.00"," 2,082,286.89 ","75,943.00"," 1,862,390.68 ","89.72 ","89.44 "
"HAFL","HAFIZ LIMITED","314.00"," 113,633.46 ","172.00"," 62,245.08 ","54.78 ","54.78 "
"HALEON","HALEON PAKISTAN LIMITED","19,787.00"," 15,972,366.38 ","16,107.00"," 13,004,626.70 ","81.40 ","81.42 "
"ZAL","ZAREA LIMITED","12,976,824.00"," 350,969,550.11 ","8,140,089.00"," 221,290,059.85 ","62.73 ","63.05 "
"ZIL","ZIL LIMITED","1,869.00"," 625,643.85 ","1,326.00"," 443,760.08 ","70.95 ","70.93 "
"ZTL","ZEPHYR TEXTILES LIMITED","54,775.00"," 932,166.18 ","52,725.00"," 897,928.68 ","96.26 ","96.33 "
"786","786 INVESTMENT LIMITED","482,362.00"," 5,093,311.15 ","173,626.00"," 1,858,554.51 ","35.99 ","36.49 "
"AABS","AL-ABBAS SUGAR MILLS LIMITED","383.00"," 334,629.39 ","374.00"," 326,936.91 ","97.65 ","97.70 "
"AATM","ALI ASGHAR TEXTILE MILLS LIMITED","5,882.00"," 546,950.90 ","5,880.00"," 546,759.36 ","99.97 ","99.96 "
"ABL","ALLIED BANK LIMITED","71,378.00"," 12,074,668.48 ","53,896.00"," 9,124,715.06 ","75.51 ","75.57 "
"ABOT","ABBOTT LABORATORIES (PAKISTAN) LIMITED","3,165.00"," 3,450,009.99 ","2,904.00"," 3,166,166.97 ","91.75 ","91.77 "
"ACIETF","ALFALAH CONSUMER INDEX EXC. TRADED FUND","7,500.00"," 120,225.00 ","7,500.00"," 120,225.00 ","100.00 ","100.00 "
"ACPL","ATTOCK CEMENT PAKISTAN LIMITED","45,265.00"," 12,748,059.96 ","42,711.00"," 12,028,136.86 ","94.36 ","94.35 "
"ADAMS","ADAM SUGAR MILLS LIMITED","141.00"," 9,273.89 ","141.00"," 9,273.89 ","100.00 ","100.00 "
"ADMM","ARTISTIC DENIM MILLS LIMITED","1,140,228.00"," 79,858,211.75 ","302,474.00"," 21,614,499.18 ","26.53 ","27.07 "
"AGHA","AGHA STEEL INDUSTRIES LIMITED","8,306,083.00"," 78,240,601.01 ","3,789,623.00"," 35,809,006.43 ","45.62 ","45.77 "
"AGIC","ASKARI GENERAL INSURANCE COMPANY LTD","61,433.00"," 2,448,051.71 ","55,092.00"," 2,198,703.19 ","89.68 ","89.81 "
"AGIL","AGRIAUTO INDUSTRIES LIMITED","81,161.00"," 10,956,572.49 ","70,454.00"," 9,522,576.02 ","86.81 ","86.91 "
"AGL","AGRITECH LIMITED","194,430.00"," 10,419,379.49 ","158,971.00"," 8,525,883.75 ","81.76 ","81.83 "
"AGP","AGP LIMITED","178,458.00"," 35,665,882.41 ","137,819.00"," 27,561,770.67 ","77.23 ","77.28 "
"AGSML","ABDULLAH SHAH GHAZI SUGAR MILLS LIMITED","368,927.00"," 2,780,800.12 ","335,759.00"," 2,531,468.36 ","91.01 ","91.03 "
"AGTL","AL-GHAZI TRACTORS LIMITED","23,712.00"," 10,333,634.85 ","19,607.00"," 8,547,963.12 ","82.69 ","82.72 "
"AHCL","ARIF HABIB CORPORATION LIMITED","2,902,807.00"," 35,711,467.41 ","2,428,780.00"," 29,900,488.84 ","83.67 ","83.73 "
"AHL","ARIF HABIB LIMITED","16,374.00"," 1,293,811.16 ","15,075.00"," 1,191,322.44 ","92.07 ","92.08 "
"AHTM","AHMAD HASSAN TEXTILE MILLS LIMITED","71.00"," 4,217.40 ","71.00"," 4,217.40 ","100.00 ","100.00 "
"AICL","ADAMJEE INSURANCE COMPANY LIMITED","6,276,547.00"," 401,780,426.85 ","3,040,943.00"," 201,153,612.04 ","48.45 ","50.07 "
"AIRLINK","AIRLINK COMMUNICATION LIMITED","930,865.00"," 130,881,087.56 ","473,576.00"," 71,177,063.36 ","50.87 ","54.38 "
"AKBL","ASKARI BANK LIMITED","8,846,716.00"," 537,753,436.80 ","3,927,052.00"," 252,354,395.42 ","44.39 ","46.93 "
"AKDHL","AKD HOSPITALITY LIMITED","4,716.00"," 872,719.14 ","4,111.00"," 760,476.29 ","87.17 ","87.14 "
"AKDSL","AKD SECURITIES LIMITED","1,787,597.00"," 51,880,686.00 ","747,895.00"," 22,005,002.34 ","41.84 ","42.41 "
"AKGL","AL-KHAIR GADOON LIMITED","689.00"," 45,035.02 ","687.00"," 44,896.20 ","99.71 ","99.69 "
"ALAC","ASKARI LIFE ASSURANCE COMPANY LTD.","116,730.00"," 793,042.49 ","107,851.00"," 732,035.07 ","92.39 ","92.31 "
"ALIFE","ADAMJEE LIFE ASSURANCE COMPANY LIMITED","110,725.00"," 3,568,428.01 ","85,585.00"," 2,772,171.16 ","77.30 ","77.69 "
"ALNRS","AL-NOOR SUGAR MILLS LIMITED","32,909.00"," 3,085,828.52 ","32,509.00"," 3,048,608.78 ","98.78 ","98.79 "
"ALTN","ALTERN ENERGY LTD.","5,725,352.00"," 70,286,272.73 ","4,319,374.00"," 53,108,940.47 ","75.44 ","75.56 "
"AMBL","APNA MICROFINANCE BANK LIMITED","1,855.00"," 24,200.61 ","1,803.00"," 23,454.27 ","97.20 ","96.92 "
"AMTEX","AMTEX LIMITED","371,736.00"," 1,232,178.33 ","291,815.00"," 966,505.62 ","78.50 ","78.44 "
"ANL","AZGARD NINE LIMITED","13,360,717.00"," 164,152,617.50 ","8,856,386.00"," 109,507,948.96 ","66.29 ","66.71 "
"ANTM","AN TEXTILE MILLS LIMITED","4,222.00"," 111,826.00 ","2,721.00"," 72,303.00 ","64.45 ","64.66 "
"APL","ATTOCK PETROLEUM LIMITED","104,678.00"," 55,725,836.27 ","100,107.00"," 53,334,710.69 ","95.63 ","95.71 "
"ARCTM","ARCTIC TEXTILE MILLS LIMITED","124,820.00"," 5,384,077.79 ","119,448.00"," 5,152,471.47 ","95.70 ","95.70 "
"ARPAK","ARPAK INTERNATIONAL INVESTMENT LIMITED","10,461.00"," 716,678.11 ","7,461.00"," 511,148.11 ","71.32 ","71.32 "
"ARPL","ARCHROMA PAKISTAN LIMITED","2,588.00"," 1,092,095.84 ","2,221.00"," 937,269.75 ","85.82 ","85.82 "
"ARUJ","ARUJ INDUSTRIES LIMITED","157,313.00"," 1,735,360.59 ","148,244.00"," 1,635,665.05 ","94.24 ","94.26 "
"ASC","AL SHAHEER CORPORATION LIMITED","1,960,400.00"," 15,942,706.00 ","1,800,798.00"," 14,649,560.12 ","91.86 ","91.89 "
"ASHT","ASHFAQ TEXTILE MILLS LIMITED","2,156.00"," 55,421.96 ","1,915.00"," 49,644.98 ","88.82 ","89.58 "
"ASIC","ASIA INSURANCE COMPANY LIMITED","11.00"," 199.80 ","11.00"," 199.80 ","100.00 ","100.00 "
"ASL","AISHA STEEL MILLS LIMITED","19,822,118.00"," 231,648,256.32 ","8,685,615.00"," 101,675,206.81 ","43.82 ","43.89 "
"ASLPS","AISHA STEEL MILLS LTD.-PREFERENCE SHARES","826.00"," 14,876.26 ","826.00"," 14,876.26 ","100.00 ","100.00 "
"ASTL","AMRELI STEELS LIMITED","1,684,512.00"," 39,633,852.56 ","1,295,917.00"," 30,558,358.81 ","76.93 ","77.10 "
"ASTM","ASIM TEXTILE MILLS LIMITED","316,599.00"," 5,283,981.49 ","315,595.00"," 5,267,011.11 ","99.68 ","99.68 "
"ATBA","ATLAS BATTERY LIMITED","374,865.00"," 116,304,956.20 ","151,961.00"," 48,105,767.88 ","40.54 ","41.36 "
"ATIL","ATLAS INSURANCE LIMITED","16,433.00"," 1,097,353.78 ","15,068.00"," 1,003,446.66 ","91.69 ","91.44 "
"ATLH","ATLAS HONDA LIMITED","7,381.00"," 7,916,969.71 ","6,619.00"," 7,097,755.64 ","89.68 ","89.65 "
"ATRL","ATTOCK REFINERY LIMITED","400,509.00"," 260,073,715.26 ","234,685.00"," 155,453,991.84 ","58.60 ","59.77 "
"AVN","AVANCEON LIMITED","1,891,774.00"," 95,761,369.26 ","1,070,893.00"," 55,142,358.67 ","56.61 ","57.58 "
"BAFL","BANK ALFALAH LIMITED","4,982,152.00"," 436,102,205.10 ","3,172,121.00"," 288,177,648.75 ","63.67 ","66.08 "
"BAFS","BABA FARID SUGAR MILLS LIMITED","2.00"," 120.04 ","2.00"," 120.04 ","100.00 ","100.00 "
"BAHL","BANK AL HABIB LIMITED","208,238.00"," 35,240,910.89 ","170,246.00"," 29,074,839.15 ","81.76 ","82.50 "
"BAPL","BAWANY AIR PRODUCTS LIMITED","100,938.00"," 4,597,244.58 ","81,042.00"," 3,693,791.04 ","80.29 ","80.35 "
"BATA","BATA PAKISTAN LIMITED","13,477.00"," 22,019,005.99 ","10,407.00"," 17,009,305.03 ","77.22 ","77.25 "
"BBFL","BIG BIRD FOODS LIMITED","17,339,565.00"," 892,438,899.23 ","5,584,564.00"," 292,687,422.10 ","32.21 ","32.80 "
"BCL","BOLAN CASTINGS LIMITED","2,606,897.00"," 286,236,836.54 ","364,403.00"," 39,681,199.99 ","13.98 ","13.86 "
"BECO","BECO STEEL LIMITED","12,732,974.00"," 360,660,990.99 ","7,892,428.00"," 225,480,735.48 ","61.98 ","62.52 "
"BELA","BELA AUTOMOTIVES LIMITED","2,908.00"," 374,997.82 ","2,657.00"," 342,727.83 ","91.37 ","91.39 "
"BERG","BERGER PAINTS PAKISTAN LIMITED","635,406.00"," 78,264,690.38 ","327,484.00"," 40,218,640.42 ","51.54 ","51.39 "
"BFAGRO","BARKAT FRISIAN AGRO LIMITED","3,847,679.00"," 155,790,166.93 ","3,135,234.00"," 126,895,351.94 ","81.48 ","81.45 "
"BFBIO","BF BIOSCIENCES LIMITED","261,333.00"," 44,301,454.16 ","205,703.00"," 34,866,375.67 ","78.71 ","78.70 "
"BFMOD","B.F. MODARABA","44,909.00"," 520,413.68 ","36,034.00"," 420,763.21 ","80.24 ","80.85 "
"BGL","BALOCHISTAN GLASS LIMITED","512,020.00"," 5,967,197.60 ","442,638.00"," 5,156,680.59 ","86.45 ","86.42 "
"BHAT","BHANERO TEXTILE MILLS LIMITED","19,767.00"," 19,549,617.93 ","11,162.00"," 11,049,963.57 ","56.47 ","56.52 "
"BIFO","BIAFO INDUSTRIES LIMITED","38,109.00"," 6,817,037.75 ","29,343.00"," 5,254,118.16 ","77.00 ","77.07 "
"BILF","BILAL FIBRES LIMITED","162,933.00"," 3,565,029.57 ","126,130.00"," 2,775,324.01 ","77.41 ","77.85 "
"BIPL","BANKISLAMI PAKISTAN LIMITED","2,611,920.00"," 90,918,827.48 ","1,632,067.00"," 56,972,268.72 ","62.49 ","62.66 "
"BIPLSC2","BANKISLAMI EHAD SUKUK-II (21-02-2024)","74.00"," 368,979.50 ","74.00"," 368,979.50 ","100.00 ","100.00 "
"BML","BANK MAKRAMAH LIMITED","6,797,284.00"," 34,581,054.81 ","4,900,098.00"," 24,946,576.79 ","72.09 ","72.14 "
"BNL","BUNNY`S LIMITED","5,595,078.00"," 507,161,146.44 ","3,120,333.00"," 281,600,397.87 ","55.77 ","55.52 "
"BNWM","BANNU WOOLLEN MILLS LIMITED","931,719.00"," 94,112,811.96 ","505,253.00"," 51,464,267.33 ","54.23 ","54.68 "
"BOK","THE BANK OF KHYBER","19,698.00"," 353,590.37 ","18,664.00"," 335,223.25 ","94.75 ","94.81 "
"BOP","THE BANK OF PUNJAB","170,647,620.00"," 2,138,906,737.59 ","88,757,057.00"," 1,130,245,055.40 ","52.01 ","52.84 "
"BPL","BURSHANE LPG (PAKISTAN) LIMITED","393,370.00"," 15,960,992.61 ","229,589.00"," 9,373,996.23 ","58.36 ","58.73 "
"BRRG","B.R.R. GUARDIAN LIMITED","1,842.00"," 49,354.68 ","1,837.00"," 49,223.33 ","99.73 ","99.73 "
"BTL","BLESSED TEXTILES LIMITED","15,992.00"," 6,106,175.06 ","11,048.00"," 4,219,342.84 ","69.08 ","69.10 "
"BUXL","BUXLY PAINTS LIMITED","33,087.00"," 6,977,075.78 ","28,764.00"," 6,062,986.47 ","86.93 ","86.90 "
"BWCL","BESTWAY CEMENT  LIMITED","4,754.00"," 1,978,994.34 ","4,707.00"," 1,959,417.69 ","99.01 ","99.01 "
"BWHL","BALUCHISTAN WHEELS LIMITED","21,457.00"," 3,276,267.78 ","18,882.00"," 2,885,397.86 ","88.00 ","88.07 "
"CASH","CALCORP LIMITED","9,949.00"," 370,802.60 ","6,731.00"," 250,493.12 ","67.66 ","67.55 "
"CCM","CRESCENT COTTON MILLS LIMITED","18,430.00"," 1,136,895.26 ","16,598.00"," 1,023,988.36 ","90.06 ","90.07 "
"CENI","CENTURY INSURANCE COMPANY LIMITED","9,459.00"," 444,451.05 ","8,850.00"," 415,687.15 ","93.56 ","93.53 "
"CEPB","CENTURY PAPER AND BOARD MILLS LIMITED","344,397.00"," 10,244,090.97 ","286,697.00"," 8,532,712.68 ","83.25 ","83.29 "
"CFL","CRESCENT FIBRES LIMITED","1.00"," 44.01 ","1.00"," 44.01 ","100.00 ","100.00 "
"CHAS","CHASHMA SUGAR MILLS LIMITED","8,552.00"," 679,957.06 ","8,498.00"," 676,082.44 ","99.37 ","99.43 "
"CHBL","CHENAB LIMITED","740,472.00"," 5,654,536.98 ","588,500.00"," 4,495,682.34 ","79.48 ","79.51 "
"CHCC","CHERAT CEMENT COMPANY LIMITED","38,736.00"," 11,307,623.76 ","34,498.00"," 10,072,863.20 ","89.06 ","89.08 "
"CJPL","CRESCENT JUTE PRODUCTS LIMITED","176,850.00"," 1,074,135.44 ","153,850.00"," 933,794.84 ","86.99 ","86.93 "
"CLCPS","CHENAB LTD-NON VOTING CUM. PREF. SHARES","235,567.00"," 789,971.92 ","223,068.00"," 749,538.19 ","94.69 ","94.88 "
"CLOV","CLOVER PAKISTAN LIMITED","1,579,171.00"," 70,844,615.57 ","1,087,818.00"," 48,948,998.19 ","68.89 ","69.09 "
"CLVL","CORDOBA LOGISTICS & VENTURES LIMITED","52,231.00"," 926,867.36 ","23,033.00"," 412,689.45 ","44.10 ","44.53 "
"CNERGY","CNERGYICO PK LIMITED","13,151,111.00"," 90,059,296.18 ","7,560,990.00"," 53,529,961.76 ","57.49 ","59.44 "
"COLG","COLGATE PALMOLIVE (PAKISTAN) LIMITED","6,384.00"," 8,515,381.26 ","6,197.00"," 8,266,303.95 ","97.07 ","97.07 "
"CPHL","CITI PHARMA LIMITED","1,364,011.00"," 118,318,023.59 ","1,113,365.00"," 96,546,481.09 ","81.62 ","81.60 "
"CPPL","CHERAT PACKAGING LIMITED","1,232,863.00"," 152,149,005.83 ","792,700.00"," 98,013,472.05 ","64.30 ","64.42 "
"CRTM","THE CRESCENT TEXTILE MILLS LIMITED","1,709,828.00"," 40,025,802.28 ","938,391.00"," 22,101,677.10 ","54.88 ","55.22 "
"CSAP","CRESCENT STEEL AND ALLIED PRODUCTS LTD.","714,218.00"," 78,912,395.75 ","412,889.00"," 45,690,156.05 ","57.81 ","57.90 "
"CSIL","CRESCENT STAR INSURANCE LIMITED","3,436,671.00"," 12,013,441.74 ","2,573,564.00"," 9,004,578.76 ","74.89 ","74.95 "
"CTM","COLONY TEXTILE MILLS LIMITED","1,062,159.00"," 6,671,837.90 ","931,222.00"," 5,835,229.96 ","87.67 ","87.46 "
"CWSM","CHAKWAL SPINNING MILLS LIMITED","4,641,093.00"," 214,715,995.55 ","1,971,165.00"," 92,104,942.86 ","42.47 ","42.90 "
"CYAN","CYAN LIMITED","34,648.00"," 1,249,624.53 ","34,495.00"," 1,244,025.33 ","99.56 ","99.55 "
"DAAG","DATA AGRO LIMITED","9,963.00"," 1,120,403.84 ","9,725.00"," 1,093,093.84 ","97.61 ","97.56 "
"DADX","DADEX ETERNIT LIMITED","8,606.00"," 586,902.94 ","6,702.00"," 457,207.33 ","77.88 ","77.90 "
"DBCI","DADABHOY CEMENT INDUSTRIES LIMITED","275,424.00"," 1,626,534.71 ","266,435.00"," 1,572,767.06 ","96.74 ","96.69 "
"DCL","DEWAN CEMENT LIMITED","6,817,302.00"," 100,998,578.27 ","4,027,563.00"," 59,842,317.09 ","59.08 ","59.25 "
"DCR","DOLMEN CITY REIT","353,482.00"," 9,586,608.83 ","350,548.00"," 9,506,951.10 ","99.17 ","99.17 "
"DEL","DAWOOD EQUITIES LIMITED","124,993.00"," 1,320,236.26 ","113,320.00"," 1,196,984.46 ","90.66 ","90.66 "
"DFML","DEWAN FAROOQUE MOTORS LIMITED","9,559,773.00"," 344,332,800.04 ","5,527,427.00"," 199,343,323.83 ","57.82 ","57.89 "
"DFSM","DEWAN FAROOQUE SPINNING MILLS LIMITED","10,435,059.00"," 75,096,791.20 ","6,060,170.00"," 44,352,145.91 ","58.08 ","59.06 "
"DGKC","D.G. KHAN CEMENT COMPANY LIMITED","2,041,437.00"," 336,082,881.16 ","1,067,187.00"," 179,261,781.45 ","52.28 ","53.34 "
"DHPL","DH PARTNERS LIMITED","61,771.00"," 2,295,052.22 ","58,529.00"," 2,172,925.59 ","94.75 ","94.68 "
"DIIL","DIAMOND INDUSTRIES LIMITED","202.00"," 4,428.07 ","202.00"," 4,428.07 ","100.00 ","100.00 "
"DINT","DIN TEXTILE MILLS LIMITED","51,822.00"," 5,465,457.80 ","30,834.00"," 3,271,051.23 ","59.50 ","59.85 "
"DLL","DAWOOD LAWRENCEPUR LIMITED","17,346.00"," 4,703,119.88 ","16,193.00"," 4,387,560.72 ","93.35 ","93.29 "
"DMTM","DEWAN MUSHTAQ TEXTILE MILLS LIMITED","10,929.00"," 112,326.72 ","10,879.00"," 111,786.22 ","99.54 ","99.52 "
"DNCC","DANDOT CEMENT COMPANY LIMITED","73,728.00"," 1,135,891.62 ","56,610.00"," 876,132.86 ","76.78 ","77.13 "
"DOL","DESCON OXYCHEM LIMITED","5,733,333.00"," 202,893,533.22 ","3,836,819.00"," 135,889,705.84 ","66.92 ","66.98 "
"DSIL","D. S. INDUSTRIES LIMITED","1,408,614.00"," 9,241,726.43 ","1,105,952.00"," 7,269,160.64 ","78.51 ","78.66 "
"DSL","DOST STEELS LIMITED","984,178.00"," 8,755,253.81 ","698,169.00"," 6,225,897.49 ","70.94 ","71.11 "
"DWAE","DEWAN AUTOMOTIVE ENGINEERING LIMITED","105,896.00"," 3,760,037.57 ","47,307.00"," 1,707,709.03 ","44.67 ","45.42 "
"HASCOL","HASCOL PETROLEUM LIMITED","33,401,219.00"," 389,738,249.63 ","17,605,834.00"," 206,627,859.79 ","52.71 ","53.02 "
"HBL","HABIB BANK LIMITED","3,720,589.00"," 707,683,355.50 ","1,648,397.00"," 335,273,498.71 ","44.30 ","47.38 "
"HBLTETF","HBL TOTAL TREASURY EXCHANGE TRADED FUND","69,800.00"," 7,301,845.00 ","59,700.00"," 6,246,444.00 ","85.53 ","85.55 "
"HCAR","HONDA  ATLAS CARS (PAKISTAN) LIMITED","515,139.00"," 148,849,598.06 ","319,631.00"," 92,422,001.17 ","62.05 ","62.09 "
"HGFA","HBL GROWTH FUND-CLASS A","131,839.00"," 1,381,453.64 ","130,637.00"," 1,369,322.09 ","99.09 ","99.12 "
"HICL","HABIB INSURANCE COMPANY LIMITED","218,242.00"," 2,514,147.84 ","218,242.00"," 2,514,147.84 ","100.00 ","100.00 "
"HIFA","HBL INVESTMENT FUND-CLASS A","25,894.00"," 91,338.63 ","25,894.00"," 91,338.63 ","100.00 ","100.00 "
"HINO","HINOPAK MOTORS LIMITED","24,069.00"," 10,248,512.16 ","17,136.00"," 7,295,961.18 ","71.20 ","71.19 "
"HINOON","HIGHNOON LABORATORIES LIMITED","20,480.00"," 21,275,111.79 ","20,105.00"," 20,887,871.87 ","98.17 ","98.18 "
"HIRAT","HIRA TEXTILE MILLS LIMITED","3,243,871.00"," 13,829,462.94 ","1,926,387.00"," 8,256,524.29 ","59.39 ","59.70 "
"HMB","HABIB METROPOLITAN BANK LIMITED","1,144,483.00"," 132,235,469.01 ","767,207.00"," 88,891,472.16 ","67.04 ","67.22 "
"HPL","HOECHST PAKISTAN LIMITED","1,325.00"," 4,362,507.38 ","1,311.00"," 4,316,767.60 ","98.94 ","98.95 "
"HRPL","HABIB RICE PRODUCTS LIMITED","566.00"," 18,226.71 ","566.00"," 18,226.71 ","100.00 ","100.00 "
"HTL","HI-TECH LUBRICANTS LIMITED","1,135,763.00"," 54,366,236.43 ","854,181.00"," 40,983,972.08 ","75.21 ","75.38 "
"HUBC","THE HUB POWER COMPANY LIMITED","3,329,873.00"," 468,254,926.96 ","1,983,487.00"," 281,461,714.90 ","59.57 ","60.11 "
"HUMNL","HUM NETWORK LIMITED","7,680,591.00"," 93,736,418.44 ","3,746,230.00"," 47,430,205.82 ","48.78 ","50.60 "
"HUSI","HUSEIN INDUSTRIES LIMITED","902.00"," 25,268.45 ","701.00"," 19,259.85 ","77.72 ","76.22 "
"HWQS","HASEEB WAQAS SUGAR MILLS LIMITED","1,835,649.00"," 39,341,260.39 ","1,229,816.00"," 26,422,784.09 ","67.00 ","67.16 "
"IBFL","IBRAHIM FIBRES LIMITED","61.00"," 19,898.27 ","60.00"," 19,572.28 ","98.36 ","98.36 "
"IBLHL","IBL HEALTHCARE LIMITED","861,122.00"," 53,782,986.15 ","662,976.00"," 41,442,954.64 ","76.99 ","77.06 "
"ICCI","ICC INDUSTRIES LIMITED","24,160.00"," 298,683.51 ","20,627.00"," 255,336.88 ","85.38 ","85.49 "
"ICIBL","INVEST CAPITAL INVESTMENT BANK LIMITED","21,622,143.00"," 261,449,916.23 ","9,377,146.00"," 114,514,349.21 ","43.37 ","43.80 "
"ICL","ITTEHAD CHEMICALS LIMITED","5,981.00"," 478,152.27 ","4,581.00"," 366,931.68 ","76.59 ","76.74 "
"IDRT","IDREES TEXTILE MILLS LIMITED","6,411.00"," 134,803.25 ","3,429.00"," 73,426.99 ","53.49 ","54.47 "
"IDSM","IDEAL SPINNING MILLS LIMITED","31,295.00"," 864,873.52 ","16,728.00"," 465,792.52 ","53.45 ","53.86 "
"IDYM","INDUS DYEING AND MANUFACTURING CO. LTD.","135,701.00"," 28,582,944.43 ","106,114.00"," 22,587,266.15 ","78.20 ","79.02 "
"IGIHL","IGI HOLDINGS LIMITED","936,172.00"," 258,154,022.44 ","446,245.00"," 123,824,908.00 ","47.67 ","47.97 "
"IGIL","IGI LIFE INSURANCE LIMITED","19,850.00"," 399,684.54 ","17,046.00"," 343,475.50 ","85.87 ","85.94 "
"ILP","INTERLOOP LIMITED","1,540,620.00"," 108,071,098.32 ","985,094.00"," 70,965,204.81 ","63.94 ","65.67 "
"IMAGE","IMAGE PAKISTAN LIMITED","5,705,580.00"," 190,159,749.65 ","4,294,797.00"," 143,333,399.78 ","75.27 ","75.38 "
"IML","IMPERIAL LIMITED","289,824.00"," 5,087,882.03 ","287,800.00"," 5,050,939.00 ","99.30 ","99.27 "
"IMS","INTERMARKET SECURITIES LIMITED","9,126,369.00"," 93,022,994.12 ","5,656,421.00"," 57,964,038.33 ","61.98 ","62.31 "
"INDU","INDUS MOTOR COMPANY LIMITED","5,600.00"," 11,044,887.15 ","4,860.00"," 9,586,911.38 ","86.79 ","86.80 "
"INIL","INTERNATIONAL INDUSTRIES LIMITED","690,500.00"," 130,806,799.05 ","403,501.00"," 77,473,809.76 ","58.44 ","59.23 "
"INKL","INTERNATIONAL KNITWEAR LIMITED","31,245.00"," 676,509.65 ","30,924.00"," 669,666.57 ","98.97 ","98.99 "
"IPAK","INTERNATIONAL PACKAGING FILMS LIMITED","274,250.00"," 6,625,236.52 ","180,926.00"," 4,383,073.25 ","65.97 ","66.16 "
"ISIL","ISMAIL INDUSTRIES LIMITED","287.00"," 561,066.08 ","171.00"," 333,810.40 ","59.58 ","59.50 "
"ISL","INTERNATIONAL STEELS LIMITED","1,034,763.00"," 102,254,318.52 ","799,640.00"," 80,446,005.87 ","77.28 ","78.67 "
"ITTEFAQ","ITTEFAQ IRON INDUSTRIES LIMITED","1,212,378.00"," 10,929,296.27 ","806,561.00"," 7,280,228.07 ","66.53 ","66.61 "
"JATM","J. A. TEXTILE MILLS LIMITED","120,292.00"," 3,546,787.12 ","101,388.00"," 2,994,299.19 ","84.28 ","84.42 "
"JDMT","JANANA DE MALUCHO TEXTILE MILLS LIMITED","94,136.00"," 8,649,913.89 ","49,640.00"," 4,596,380.27 ","52.73 ","53.14 "
"JDWS","JDW SUGAR MILLS LIMITED","176.00"," 166,014.85 ","164.00"," 154,845.64 ","93.18 ","93.27 "
"JGICL","JUBILEE GENERAL INSURANCE COMPANY LTD.","278,740.00"," 18,059,665.32 ","240,657.00"," 15,618,569.95 ","86.34 ","86.48 "
"JKSM","J.K. SPINNING MILLS LIMITED","23,696.00"," 2,937,157.48 ","15,609.00"," 1,964,403.06 ","65.87 ","66.88 "
"JLICL","JUBILEE LIFE INSURANCE COMPANY LIMITED","13,337.00"," 2,358,847.65 ","7,496.00"," 1,327,779.25 ","56.20 ","56.29 "
"JSBL","JS BANK LIMITED","1,424,214.00"," 20,684,319.90 ","896,207.00"," 13,041,292.17 ","62.93 ","63.05 "
"JSCL","JAHANGIR SIDDIQUI AND CO. LTD","1,140,145.00"," 26,938,632.89 ","844,676.00"," 19,999,269.33 ","74.08 ","74.24 "
"JSCLPSA","JAHANGIR SIDDIQUI & CO.LTD-PREF.SHARES","1,293,719.00"," 14,287,222.80 ","1,290,619.00"," 14,253,219.80 ","99.76 ","99.76 "
"JSGBETF","JS GLOBAL BANKING SECTOR ETF","22,500.00"," 651,340.00 ","14,500.00"," 419,790.00 ","64.44 ","64.45 "
"JSGCL","JS GLOBAL CAPITAL  LIMITED","474.00"," 67,140.11 ","474.00"," 67,140.11 ","100.00 ","100.00 "
"JSIL","JS INVESTMENTS LIMITED","154.00"," 4,306.10 ","153.00"," 4,277.75 ","99.35 ","99.34 "
"JSMFETF","JS MOMENTUM FACTOR EXCHANGE TRADED FUND","837,150.00"," 8,871,624.52 ","676,500.00"," 7,169,510.00 ","80.81 ","80.81 "
"JSML","JAUHARABAD SUGAR MILLS LIMITED","63,616.00"," 3,577,850.84 ","39,679.00"," 2,241,491.54 ","62.37 ","62.65 "
"JUBS","JUBILEE SPINNING & WEAVING MILLS LIMITED","13,353.00"," 170,155.65 ","10,453.00"," 133,582.65 ","78.28 ","78.51 "
"JVDC","JAVEDAN CORPORATION LIMITED","8,614,892.00"," 556,263,230.55 ","6,248,945.00"," 403,654,924.43 ","72.54 ","72.57 "
"KAPCO","KOT ADDU POWER COMPANY LIMITED","822,048.00"," 27,886,599.72 ","648,767.00"," 22,007,524.81 ","78.92 ","78.92 "
"KCL","KARAM CERAMICS LIMITED","2,507.00"," 552,502.07 ","1,610.00"," 353,387.83 ","64.22 ","63.96 "
"KEL","K-ELECTRIC LIMITED","7,522,722.00"," 37,129,001.92 ","4,961,586.00"," 25,314,558.73 ","65.95 ","68.18 "
"KHTC","KHYBER TOBACCO COMPANY LIMITED","15,709.00"," 6,201,812.13 ","12,822.00"," 5,058,946.85 ","81.62 ","81.57 "
"KHYT","KHYBER TEXTILE MILLS LIMITED","2,173.00"," 3,195,284.81 ","1,340.00"," 1,987,774.25 ","61.67 ","62.21 "
"KML","KOHINOOR MILLS LIMITED","168,279.00"," 15,152,757.85 ","116,366.00"," 10,483,947.51 ","69.15 ","69.19 "
"KOHC","KOHAT CEMENT COMPANY LIMITED","610,285.00"," 261,836,583.28 ","410,189.00"," 176,997,098.22 ","67.21 ","67.60 "
"KOHE","KOHINOOR ENERGY LIMITED","1,596,210.00"," 35,888,923.14 ","1,267,135.00"," 28,538,656.37 ","79.38 ","79.52 "
"KOHP","KOHINOOR POWER COMPANY LIMITED","86,245.00"," 635,503.90 ","80,195.00"," 591,078.90 ","92.99 ","93.01 "
"KOHTM","KOHAT TEXTILE MILLS LIMITED","553,287.00"," 49,327,887.43 ","439,272.00"," 39,246,026.46 ","79.39 ","79.56 "
"KOIL","KOHINOOR INDUSTRIES LIMITED","1,613,151.00"," 23,385,250.46 ","1,220,504.00"," 17,724,450.05 ","75.66 ","75.79 "
"KOSM","KOHINOOR SPINNING MILLS LIMITED","55,781,855.00"," 383,083,261.61 ","29,248,637.00"," 201,107,885.65 ","52.43 ","52.50 "
"KPUS","KHAIRPUR SUGAR MILLS LIMITED","2,458.00"," 397,458.60 ","2,458.00"," 397,458.60 ","100.00 ","100.00 "
"KSBP","KSB PUMPS COMPANY LIMITED","541,505.00"," 123,719,538.39 ","323,106.00"," 73,912,750.19 ","59.67 ","59.74 "
"KSTM","KHALID SIRAJ TEXTILE MILLS LIMITED","15,145.00"," 140,148.56 ","11,945.00"," 111,462.56 ","78.87 ","79.53 "
"KTML","KOHINOOR TEXTILE MILLS LIMITED","182,962.00"," 38,365,954.99 ","155,872.00"," 32,873,707.72 ","85.19 ","85.68 "
"LCI","LUCKY CORE INDUSTRIES LIMITED","19,716.00"," 35,182,701.72 ","18,650.00"," 33,284,596.54 ","94.59 ","94.61 "
"LEUL","LEATHER UP LIMITED","13,497.00"," 567,345.05 ","11,736.00"," 492,585.45 ","86.95 ","86.82 "
"LIVEN","LIVEN PHARMA LIMITED","251,389.00"," 16,324,564.69 ","214,959.00"," 13,956,343.02 ","85.51 ","85.49 "
"LOADS","LOADS LIMITED","4,068,629.00"," 66,146,278.53 ","2,714,261.00"," 44,252,039.64 ","66.71 ","66.90 "
"LOTCHEM","LOTTE CHEMICAL PAKISTAN LIMITED","4,451,311.00"," 88,508,432.03 ","2,272,021.00"," 47,943,778.08 ","51.04 ","54.17 "
"LPGL","LEINER PAK GELATINE LIMITED","213,592.00"," 26,584,885.04 ","186,125.00"," 23,216,924.54 ","87.14 ","87.33 "
"LPL","LALPIR POWER LIMITED","136,289.00"," 3,407,599.92 ","116,471.00"," 2,910,812.58 ","85.46 ","85.42 "
"LSECL","LSE CAPITAL LIMITED","276,491.00"," 1,659,411.46 ","274,028.00"," 1,644,585.99 ","99.11 ","99.11 "
"LSEFSL","LSE FINANCIAL SERVICES LIMITED","3,585.00"," 110,417.07 ","3,574.00"," 110,027.40 ","99.69 ","99.65 "
"LSEVL","LSE VENTURES LIMITED","5,803.00"," 70,074.75 ","5,801.00"," 70,051.53 ","99.97 ","99.97 "
"LUCK","LUCKY CEMENT LIMITED","1,716,092.00"," 584,671,305.53 ","1,159,781.00"," 408,590,064.20 ","67.58 ","69.88 "
"MACFL","MACPAC FILMS LIMITED","4,883,447.00"," 315,543,971.99 ","1,808,119.00"," 118,342,478.31 ","37.03 ","37.50 "
"MACTER","MACTER INTERNATIONAL LIMITED","48,815.00"," 21,732,571.89 ","46,797.00"," 20,840,984.21 ","95.87 ","95.90 "
"MARI","MARI ENERGIES LIMITED","393,211.00"," 247,873,020.19 ","272,444.00"," 173,596,407.55 ","69.29 ","70.03 "
"MCB","MCB BANK LIMITED","628,808.00"," 216,726,903.05 ","475,406.00"," 165,538,857.18 ","75.60 ","76.38 "
"MCBIM","MCB INVESTMENT MANAGEMENT LIMITED","102,612.00"," 13,752,433.99 ","102,200.00"," 13,696,813.99 ","99.60 ","99.60 "
"MDTL","MEDIA TIMES LIMITED","826,274.00"," 2,200,422.35 ","699,257.00"," 1,862,537.11 ","84.63 ","84.64 "
"MEBL","MEEZAN BANK LIMITED","2,387,550.00"," 859,105,593.58 ","1,413,106.00"," 535,341,211.71 ","59.19 ","62.31 "
"MEHT","MAHMOOD TEXTILE MILLS LIMITED","46,643.00"," 16,431,093.39 ","35,704.00"," 12,587,172.16 ","76.55 ","76.61 "
"MERIT","MERIT PACKAGING LIMITED","437,590.00"," 5,856,819.41 ","311,364.00"," 4,171,978.95 ","71.15 ","71.23 "
"MFFL","MITCHELLS FRUIT FARMS LIMITED","516,520.00"," 107,874,797.18 ","197,360.00"," 42,368,239.99 ","38.21 ","39.28 "
"MFL","MATCO FOODS LIMITED","6,561.00"," 367,251.48 ","5,211.00"," 291,090.48 ","79.42 ","79.26 "
"MIIETF","MAHAANA ISLAMIC INDEX ETF","400,500.00"," 5,546,310.00 ","351,000.00"," 4,862,345.00 ","87.64 ","87.67 "
"MIRKS","MIRPURKHAS SUGAR MILLS LIMITED","109,672.00"," 3,741,569.19 ","90,562.00"," 3,087,845.07 ","82.58 ","82.53 "
"MLCF","MAPLE LEAF CEMENT FACTORY LIMITED","5,146,469.00"," 417,308,919.02 ","2,430,978.00"," 203,693,877.08 ","47.24 ","48.81 "
"MQTM","MAQBOOL TEXTILE MILLS LIMITED","366,336.00"," 17,741,062.50 ","221,516.00"," 10,936,649.70 ","60.47 ","61.65 "
"MRNS","MEHRAN SUGAR MILLS LIMITED","29,971.00"," 1,702,654.74 ","21,754.00"," 1,240,081.34 ","72.58 ","72.83 "
"MSCL","METROPOLITAN STEEL CORPORATION LIMITED","1,623,980.00"," 28,389,544.39 ","1,140,475.00"," 19,986,903.58 ","70.23 ","70.40 "
"MSOT","MASOOD TEXTILE MILLS LIMITED","186,969.00"," 13,482,671.75 ","170,169.00"," 12,284,033.75 ","91.01 ","91.11 "
"MTL","MILLAT TRACTORS LIMITED","60,078.00"," 33,033,889.81 ","50,444.00"," 27,919,159.60 ","83.96 ","84.52 "
"MUGHAL","MUGHAL IRON & STEEL INDUSTRIES LIMITED","1,205,854.00"," 85,520,681.81 ","751,677.00"," 53,366,178.66 ","62.34 ","62.40 "
"MUGHALC","MUGHAL IRON AND STEEL IND. LTD.-CLASS C","1,541.00"," 63,892.17 ","1,098.00"," 45,371.40 ","71.25 ","71.01 "
"MUREB","MURREE BREWERY COMPANY LIMITED","17,800.00"," 15,999,627.39 ","16,887.00"," 15,183,234.84 ","94.87 ","94.90 "
"MWMP","MANDVIWALLA MAUSER PLASTIC IND. LTD","38,074.00"," 712,354.28 ","27,762.00"," 522,350.40 ","72.92 ","73.33 "
"MZNPETF","MEEZAN PAKISTAN EXCHANGE TRADED FUND","209,472.00"," 3,312,527.02 ","185,667.00"," 2,937,487.02 ","88.64 ","88.68 "
"NAGC","NAGINA COTTON MILLS LIMITED","34,017.00"," 2,452,506.03 ","30,992.00"," 2,233,898.23 ","91.11 ","91.09 "
"NATF","NATIONAL FOODS LIMITED","1,153,701.00"," 425,116,579.62 ","789,849.00"," 292,382,350.23 ","68.46 ","68.78 "
"NBP","NATIONAL BANK OF PAKISTAN","7,721,846.00"," 899,869,350.67 ","4,087,193.00"," 494,935,500.36 ","52.93 ","55.00 "
"NBPGETF","NBP PAKISTAN GROWTH EXCHANGE TRADED FUND","5,000.00"," 115,665.00 ","4,000.00"," 92,685.00 ","80.00 ","80.13 "
"NCL","NISHAT (CHUNIAN) LIMITED","835,379.00"," 37,549,687.16 ","726,162.00"," 32,706,177.84 ","86.93 ","87.10 "
"NCML","NAZIR COTTON MILLS LIMITED","22,017.00"," 310,626.45 ","21,015.00"," 296,608.14 ","95.45 ","95.49 "
"NCPL","NISHAT CHUNIAN POWER LIMITED","234,605.00"," 6,053,658.83 ","228,084.00"," 5,886,115.36 ","97.22 ","97.23 "
"NESTLE","NESTLE PAKISTAN LIMITED","259.00"," 1,856,181.43 ","226.00"," 1,620,811.19 ","87.26 ","87.32 "
"NETSOL","NETSOL TECHNOLOGIES LIMITED","2,074,067.00"," 325,385,412.04 ","1,129,258.00"," 177,378,608.07 ","54.45 ","54.51 "
"NEXT","NEXT CAPITAL LIMITED","40,691.00"," 375,342.98 ","32,404.00"," 299,127.05 ","79.63 ","79.69 "
"NICL","NIMIR INDUSTRIAL CHEMICALS LIMITED","73,351.00"," 11,627,587.55 ","70,750.00"," 11,218,308.55 ","96.45 ","96.48 "
"NITGETF","NIT PAK. GATEWAY EXCHANGE TRADED FUND","16,000.00"," 447,600.00 ","11,000.00"," 308,300.00 ","68.75 ","68.88 "
"NML","NISHAT MILLS LIMITED","6,692,573.00"," 936,928,947.35 ","2,561,241.00"," 376,504,709.54 ","38.27 ","40.18 "
"NPL","NISHAT POWER LIMITED","208,961.00"," 7,636,095.33 ","208,396.00"," 7,615,440.93 ","99.73 ","99.73 "
"NRL","NATIONAL REFINERY LIMITED","449,215.00"," 111,095,428.47 ","312,381.00"," 77,185,624.77 ","69.54 ","69.48 "
"NRSL","NIMIR RESINS LIMITED","2,519,922.00"," 93,250,441.51 ","1,466,421.00"," 54,256,380.77 ","58.19 ","58.18 "
"NSRM","THE NATIONAL SILK & RAYON MILLS LIMITED","202.00"," 29,498.06 ","202.00"," 29,498.06 ","100.00 ","100.00 "
"OBOY","OILBOY ENERGY LIMITED","1,214,997.00"," 11,817,890.64 ","958,980.00"," 9,346,355.61 ","78.93 ","79.09 "
"OCTOPUS","OCTOPUS DIGITAL LIMITED","880,806.00"," 49,758,887.33 ","581,011.00"," 32,868,033.62 ","65.96 ","66.05 "
"OGDC","OIL & GAS DEVELOPMENT COMPANY LIMITED","3,944,866.00"," 855,214,640.01 ","2,360,576.00"," 534,868,791.64 ","59.84 ","62.54 "
"OLPL","OLP FINANCIAL SERVICES PAKISTAN LIMITED","72,594.00"," 2,846,391.27 ","57,713.00"," 2,270,762.29 ","79.50 ","79.78 "
"OLPM","OLP MODARABA","3,491.00"," 68,214.59 ","3,491.00"," 68,214.59 ","100.00 ","100.00 "
"OML","OLYMPIA MILLS LIMITED","616.00"," 26,350.85 ","614.00"," 26,265.75 ","99.68 ","99.68 "
"ORM","ORIENT RENTAL MODARABA","18,699.00"," 193,367.92 ","18,197.00"," 187,896.78 ","97.32 ","97.17 "
"OTSU","OTSUKA PAKISTAN LIMITED","84,900.00"," 25,119,902.75 ","49,619.00"," 14,730,292.55 ","58.44 ","58.64 "
"P01GIS031225","1 YEAR GIS-DISCOUNTED -MATURITY 03-12-25","46,000.00"," 221,099,000.00 ","46,000.00"," 221,099,000.00 ","100.00 ","100.00 "
"P01GIS061125","1 YEAR GIS-DISCOUNTED -MATURITY 06-11-25","60,002.00"," 290,559,690.00 ","60,002.00"," 290,559,690.00 ","100.00 ","100.00 "
"P01GIS080126","1 YEAR GIS-DISCOUNTED ?MAT DATE 08-01-26","88,002.00"," 419,334,739.00 ","68,002.00"," 323,944,739.00 ","77.27 ","77.25 "
"P01GIS150825","1 YEAR GIS-DISCOUNTED - MATURITY 15AUG25","32,400.00"," 160,380,000.00 ","32,400.00"," 160,380,000.00 ","100.00 ","100.00 "
"P01GIS201025","1 YEAR GIS-DISCOUNTED -MATURITY 20-10-25","20,002.00"," 97,279,740.00 ","20,002.00"," 97,279,740.00 ","100.00 ","100.00 "
"P01GIS250725","1 YEAR GIS-DISCOUNTED - MATURITY 25JUL25","40,000.00"," 199,240,000.00 ","40,000.00"," 199,240,000.00 ","100.00 ","100.00 "
"P05VRR090130","5 YEAR GIS-VRR ? MATURITY DATE 09-JAN-30","400,000.00"," 1,999,121,920.00 ","400,000.00"," 1,999,121,920.00 ","100.00 ","100.00 "
"PABC","PAKISTAN ALUMINIUM BEVERAGE CANS LTD","103,593.00"," 14,966,962.28 ","81,355.00"," 11,762,527.20 ","78.53 ","78.59 "
"PACE","PACE (PAKISTAN) LIMITED","2,025,679.00"," 12,333,125.90 ","1,717,095.00"," 10,447,752.92 ","84.77 ","84.71 "
"PAEL","PAK ELEKTRON LIMITED","7,044,248.00"," 281,515,706.61 ","3,453,893.00"," 147,472,551.28 ","49.03 ","52.39 "
"PAKD","PAK DATACOM LIMITED","195,379.00"," 58,621,127.00 ","134,614.00"," 40,498,258.95 ","68.90 ","69.08 "
"PAKL","PAK LEATHER CRAFTS LIMITED","6,931.00"," 233,851.38 ","5,330.00"," 179,105.37 ","76.90 ","76.59 "
"PAKOXY","PAKISTAN OXYGEN LIMITED","22,476.00"," 5,877,106.11 ","17,875.00"," 4,679,559.06 ","79.53 ","79.62 "
"PAKRI","PAKISTAN REINSURANCE COMPANY LIMITED","2,851,582.00"," 42,208,668.29 ","1,729,652.00"," 25,627,412.74 ","60.66 ","60.72 "
"PAKT","PAKISTAN TOBACCO COMPANY LIMITED","48,389.00"," 62,758,076.04 ","38,994.00"," 50,632,812.76 ","80.58 ","80.68 "
"PASL","PERVEZ AHMED CONSULTANCY SERVICES LTD","7,175,818.00"," 21,905,682.32 ","4,340,629.00"," 13,254,591.63 ","60.49 ","60.51 "
"PASM","PARAMOUNT SPINNING MILLS LIMITED","50,755.00"," 289,938.80 ","40,091.00"," 230,506.19 ","78.99 ","79.50 "
"PCAL","PAKISTAN CABLES LIMITED","43,411.00"," 7,122,523.25 ","34,572.00"," 5,674,623.24 ","79.64 ","79.67 "
"PECO","PAKISTAN ENGINEERING COMPANY LIMITED","328.00"," 246,168.67 ","328.00"," 246,168.67 ","100.00 ","100.00 "
"PGLC","PAK GULF LEASING COMPANY LIMITED","5,640.00"," 112,284.50 ","5,570.00"," 110,885.00 ","98.76 ","98.75 "
"PIAHCLA","PIA HOLDING COMPANY LIMITED-CLASS A","13,715,034.00"," 306,832,160.05 ","8,890,949.00"," 199,116,191.73 ","64.83 ","64.89 "
"PIAHCLB","PIA HOLDING COMPANY LIMITED-CLASS B","229.00"," 5,434,454.05 ","162.00"," 3,850,269.42 ","70.74 ","70.85 "
"PIBTL","PAKISTAN INTERNATIONAL BULK TERMINAL LTD","9,344,126.00"," 84,679,866.38 ","5,010,128.00"," 45,544,562.81 ","53.62 ","53.78 "
"PICT","PAKISTAN INTL CONTAINER TERMINAL LTD.","310,056.00"," 13,302,617.64 ","268,326.00"," 11,588,543.64 ","86.54 ","87.11 "
"PIL","PICIC INSURANCE LIMITED","150,907.00"," 518,528.00 ","138,902.00"," 476,770.21 ","92.04 ","91.95 "
"PIM","POPULAR ISLAMIC MODARABA","200.00"," 3,900.00 ","200.00"," 3,900.00 ","100.00 ","100.00 "
"PINL","PREMIER INSURANCE LIMITED","2,896,546.00"," 23,883,929.30 ","2,871,546.00"," 23,676,429.30 ","99.14 ","99.13 "
"PIOC","PIONEER CEMENT LIMITED","44,040.00"," 9,494,696.72 ","39,312.00"," 8,492,541.04 ","89.26 ","89.45 "
"PKGI","THE PAKISTAN GENERAL INSURANCE CO. LTD.","237,114.00"," 2,637,916.97 ","213,904.00"," 2,374,204.87 ","90.21 ","90.00 "
"PKGP","PAKGEN POWER LIMITED","3,291.00"," 542,604.48 ","3,171.00"," 523,188.78 ","96.35 ","96.42 "
"PKGS","PACKAGES LIMITED","16,009.00"," 8,994,558.28 ","15,994.00"," 8,986,158.28 ","99.91 ","99.91 "
"PMI","FIRST PRUDENTIAL MODARABA","1,348,949.00"," 5,578,897.95 ","1,217,454.00"," 5,033,526.49 ","90.25 ","90.22 "
"PMPK","PHILIP MORRIS (PAKISTAN) LIMITED","2.00"," 2,600.00 ","2.00"," 2,600.00 ","100.00 ","100.00 "
"PMRS","THE PREMIER SUGAR MILLS AND DIST.CO. LTD","319.00"," 88,564.50 ","292.00"," 80,964.00 ","91.54 ","91.42 "
"PNSC","PAKISTAN NATIONAL SHIPPING CORPORATION","52,670.00"," 20,278,016.39 ","38,072.00"," 14,705,925.70 ","72.28 ","72.52 "
"POL","PAKISTAN OILFIELDS LIMITED","76,408.00"," 45,724,752.87 ","69,304.00"," 41,476,101.32 ","90.70 ","90.71 "
"POML","PUNJAB OIL MILLS LIMITED","4,304.00"," 908,525.84 ","2,050.00"," 430,169.36 ","47.63 ","47.35 "
"POWER","POWER CEMENT LIMITED","3,045,094.00"," 42,925,550.50 ","1,887,309.00"," 26,596,416.36 ","61.98 ","61.96 "
"POWERPS","POWER CEMENT LIMITED - PREFERENCE SHARES","501.00"," 9,743.18 ","501.00"," 9,743.18 ","100.00 ","100.00 "
"PPL","PAKISTAN PETROLEUM LIMITED","2,512,726.00"," 421,415,564.23 ","1,766,154.00"," 299,625,221.92 ","70.29 ","71.10 "
"PPP","PAKISTAN PAPER PRODUCTS LIMITED","291,379.00"," 67,989,476.29 ","114,077.00"," 27,146,548.42 ","39.15 ","39.93 "
"PPVC","PAKISTAN PVC LIMITED","4,021.00"," 41,622.37 ","4,020.00"," 41,611.87 ","99.98 ","99.97 "
"PREMA","AT-TAHUR LIMITED","1,857,842.00"," 81,572,947.11 ","1,442,501.00"," 63,354,535.68 ","77.64 ","77.67 "
"PRET","PREMIUM TEXTILE MILLS LIMITED","21,543.00"," 11,642,254.44 ","13,484.00"," 7,301,983.40 ","62.59 ","62.72 "
"PRL","PAKISTAN REFINERY LIMITED","4,231,534.00"," 133,337,666.31 ","2,246,272.00"," 72,313,767.44 ","53.08 ","54.23 "
"PRWM","PROSPERITY WEAVING MILLS LIMITED","15,965.00"," 880,761.03 ","13,545.00"," 745,243.53 ","84.84 ","84.61 "
"PSEL","PAKISTAN SERVICES LIMITED","7,060.00"," 5,561,470.96 ","6,673.00"," 5,237,995.97 ","94.52 ","94.18 "
"PSO","PAKISTAN STATE OIL COMPANY LIMITED","2,001,876.00"," 742,635,498.39 ","1,094,653.00"," 418,320,709.22 ","54.68 ","56.33 "
"PSX","PAKISTAN STOCK EXCHANGE LIMITED","11,012,317.00"," 344,235,405.92 ","6,526,015.00"," 204,578,735.11 ","59.26 ","59.43 "
"PSYL","PAKISTAN SYNTHETICS LIMITED","5,652.00"," 396,873.15 ","5,626.00"," 395,079.90 ","99.54 ","99.55 "
"PTC","PAKISTAN TELECOMMUNICATION COMPANY LTD","3,200,151.00"," 78,123,293.11 ","2,332,138.00"," 57,426,509.37 ","72.88 ","73.51 "
"PTL","PANTHER TYRES LIMITED","167,903.00"," 7,782,412.35 ","132,741.00"," 6,153,907.88 ","79.06 ","79.07 "
"QUET","QUETTA TEXTILE MILLS LIMITED","6,307.00"," 94,649.11 ","6,206.00"," 93,144.01 ","98.40 ","98.41 "
"QUICE","QUICE FOOD INDUSTRIES LIMITED","546,610.00"," 4,401,045.05 ","500,181.00"," 4,028,227.92 ","91.51 ","91.53 "
"RCML","RELIANCE COTTON SPINNING MILLS LIMITED","633.00"," 316,878.48 ","569.00"," 284,553.43 ","89.89 ","89.80 "
"REDCO","REDCO TEXTILES LIMITED","4,132.00"," 109,572.72 ","4,018.00"," 106,543.61 ","97.24 ","97.24 "
"REWM","RELIANCE WEAVING MILLS LIMITED","700.00"," 100,000.00 ","700.00"," 100,000.00 ","100.00 ","100.00 "
"RICL","RELIANCE INSURANCE COMPANY LIMITED","85,532.00"," 925,854.60 ","76,183.00"," 829,102.11 ","89.07 ","89.55 "
"RMPL","RAFHAN MAIZE PRODUCTS COMPANY LIMITED","87.00"," 827,187.99 ","75.00"," 712,590.21 ","86.21 ","86.15 "
"RPL","ROSHAN PACKAGES LIMITED","476,900.00"," 10,183,975.94 ","395,134.00"," 8,439,900.88 ","82.85 ","82.87 "
"RUBY","RUBY TEXTILE MILLS LIMITED","15,096.00"," 132,723.79 ","12,206.00"," 107,077.09 ","80.86 ","80.68 "
"RUPL","RUPALI POLYESTER LIMITED","209,478.00"," 6,795,780.61 ","138,024.00"," 4,491,046.18 ","65.89 ","66.09 "
"SAIF","SAIF TEXTILE MILLS LIMITED","335,533.00"," 8,612,339.64 ","295,631.00"," 7,602,078.24 ","88.11 ","88.27 "
"SANSM","SANGHAR SUGAR MILLS LIMITED","382.00"," 19,862.89 ","381.00"," 19,812.04 ","99.74 ","99.74 "
"SAPT","SAPPHIRE TEXTILE MILLS LIMITED","542.00"," 669,603.24 ","226.00"," 282,245.11 ","41.70 ","42.15 "
"SARC","SARDAR CHEMICAL INDUSTRIES LIMITED","42,266.00"," 2,843,161.08 ","31,592.00"," 2,128,802.98 ","74.75 ","74.87 "
"SAZEW","SAZGAR ENGINEERING WORKS LIMITED","352,479.00"," 425,677,061.41 ","204,509.00"," 248,731,603.01 ","58.02 ","58.43 "
"SBL","SAMBA BANK LIMITED","1,228.00"," 11,775.84 ","920.00"," 8,782.44 ","74.92 ","74.58 "
"SCBPL","STANDARD CHARTERED BANK (PAKISTAN) LTD.","25,849.00"," 1,739,167.20 ","23,157.00"," 1,559,248.46 ","89.59 ","89.65 "
"SCL","SHIELD CORPORATION LIMITED","742.00"," 252,507.33 ","652.00"," 221,896.74 ","87.87 ","87.88 "
"SEARL","THE SEARLE COMPANY LIMITED","3,466,887.00"," 351,173,970.96 ","1,756,525.00"," 181,502,860.21 ","50.67 ","51.68 "
"SEL","SITARA ENERGY LIMITED","2,600.00"," 31,781.00 ","2,600.00"," 31,781.00 ","100.00 ","100.00 "
"SEPL","SECURITY PAPERS LIMITED","191,520.00"," 32,610,696.17 ","111,353.00"," 19,009,067.87 ","58.14 ","58.29 "
"SERT","SERVICE INDUSTRIES TEXTILES LIMITED","10,179.00"," 248,943.41 ","9,056.00"," 221,248.56 ","88.97 ","88.88 "